標題,作者
Re: [リア] 2022 依舊ＥＭＴ,makinoyui
[情報] FF38 夏娜參戰決定,t128595
Re: [閒聊] 索尼回過頭來搶日本市場有搞頭嗎？,KaoBi24
[閒聊] BORUTO CH 66 （雷）,HornyHorng
[閒聊] 睡前來張洛琪希,wingkauzy
[閒聊] 克蘇魯ASMR,mayolane
[補番] 幸運女神 劇場版,googlexxxx
[閒聊] 釘宮四萌是不是現在推出會更紅,skywendy
[閒聊] 阿爾宙斯的進化特效太帥了吧 (偷跑雷,Au0y4
Re: [閒聊] 剛剛看到推特趨勢有個「垃圾遊戲」,n99lu
Re: [毒物] 陰角的我寫的小說動畫化後被美少女倒貼,HarunoYukino
[閒聊] 遊戲王MD沒有禁交朋友龍喔,knight45683
[公告] 看板活動公告彙整 ＆ 置底推文閒聊區,laptic
[公告] C_Chat板板規 v.16.7,laptic
[22冬] 冬番各作品首播時間,SaberTheBest
Re: [活動][板慶] 希洽十五歲ANSI徵稿,zMidTwo5566
[閒聊] 章魚P的原罪 07,FelReaver
[閒聊] 烙印勇士1-4集,lyrelyre
[情報] NS 在法國銷量超越PS4，預計2022春季超越,bangshit
[Vtub] 滋玖麗ひみつ 歌回,KyoukaiShiki
Re: [閒聊] 城之內的真王牌是人造人or雷電戰神？,snowfairyx
[閒聊] 偽聖女第二集2/10發售 漫畫化企劃中,Seventhsky
[光美] YOYOTV中配『熱情閃耀！光之美少女』24,pc9656439
[問題] 曠野之息的林克去鬼滅會怎麼發展,archer389
[閒聊] 電玩歷史上又強又性格好的女性有哪些,ultmisia
[閒聊] 奇巧計程車一看就停不下來正常嗎？,shibasauce28
[食戟] 雷影穿越去遠月學園進修廚藝劇本怎麼走？,tose4433
Re: [閒聊] 自來也跟水 雷 土 風影打能贏？,ismwing0205
Re: [閒聊] 迴紋針為什麼會是微軟的象徵啊,Gwaewluin
[閒聊] 戰神4給頑皮狗做會怎麼樣？,john91018
[閒聊] 剛剛看到推特趨勢有個「糞game」,nobady98
[問題] 遊戲王MD幾個問題請教,hoshitani
[閒聊] 和喜歡的人乒乒乓乓後的早晨,TLdark
Re: [閒聊] 修道院的修女們,ainamk
[閒聊] 遊戲王MD 加藤純一被虐中...,Atima
[討論] 這次的幻三-天元能重返榮耀嗎?,marmar
Re: [閒聊] 我推的孩子 68  感覺不會那麼簡單啊,alankira
[閒聊] 各位看到想傑綠拉札的時候 在想什麼,knight45683
[討論] 各位心中acg最好看的前傳？,u10400068
[討論] 青峰國中時頹廢的點很奇怪吧?,Kingisland
[Vtub] 依渟    V皮初體驗,Hunternine
Re: [閒聊] 重看封神演義後意外的沒想像中好看?,pauljet
[情報] PlayStation之父：不喜歡元宇宙 現實世界,Sessyoin
[閒聊] vtuber公開自己確診武肺 是否有失專業,Mordecai
[閒聊] NPC在遊戲世界留下的 讓你印象深刻的痕跡？,GrimmNotes
Re: [Vtub] 依渟    V皮初體驗,XLcock
Re: [閒聊] 雨天遇見狸,allencyh
Re: [情報] 史上最大18公分「月光權杖悠遊卡」將開,kevin11951
[火影] 為啥岸本不乾脆讓鳴人當千手一族就好了?,Ayanami5566
Re: [新聞] 萊莎的鍊金 推出等身大肉肉大腿滑鼠墊,seiya2000
[閒聊]如果要收購卡普空、EA 或 Take-Two 的話，,pl132
[討論] 七龍珠的神龍本質到底是什麼？,peacekeeper
[閒聊]《人龍》總監名越稔洋創立的「名越工作室,pl132
[問題] 以前的主機討論大戰是不是比較有趣,rfvujm
[問題] 新戰神的小怪的強度正史大概落在哪?,SweetRice
Re: [火影] 為啥岸本不乾脆讓鳴人當千手一族就好了?,NARUTO
[閒聊] 藤本樹 變成女人的病,NTUMEDboy
[閒聊] 大家會一直喜歡同一個聲優嗎,skywendy
[閒聊] 橋本智広 武漢肺炎重症漫畫,iamnotgm
[閒聊] 斑復活後不也能維護忍界和平嗎,ianlin1216
Re: [閒聊] 動物朋友 阿賴桑公寓 下水道,ljeff83
[閒聊] 有什麼好哭的番可以推薦的嗎,SetsunaOgiso
[塗鴉] 我好像發現kronii的秘密了,prayblessing
[閒聊] 任天堂舊本社改裝成旅館,mizuarashi
[閒聊] 3D列印可沒想像的這麼容易,zsp9105
[天地劫M]仙劍首領戰★明王+拜月教主,GreenTeaBeer
Re: [閒聊] 實際上，JK羅琳還是缺席《重返霍格華茲》,Landius
[新聞] TEAM SHACHI 為少女前線動畫獻唱片尾曲「,ATCTaiwan
Re: [閒聊] 鳴人的螺旋丸和佐助千鳥，誰較強?,KZHenry
[法米通] 《瑪利歐派對》2連冠。《51》破90萬套,ryoma1
[討論] 為什麼大蛇丸不復活宇智波斑？,QQKKQKQK
[毒物] 劣等哥哥卻是最強 - 史上最強勇者轉生(ry,dephille
[情報] maimai DX 01/25 更新,ExcuseMeWTF
[閒聊] 德川家康為什麼跳過秀康選擇秀忠？,HidekiRyuga
[閒聊] 黑執事182~184 (雷)  廚師的過去,lolic
[實況] みすみ(Misumi) 組RX‐78-2 1/144模型,lycs0908
Re: [問題] 第一次組鋼彈,kasumi5566
[問題] 我英的敗筆是不是在炮灰能力跟副作用？,greenghaost
[閒聊] PS4可以玩到FF7R 尤菲了嗎?,peter080808
[閒聊] 白金工作室如果當初好好開發龍麟化身,randyhgmac
[巨人] MAPPA的漫畫還原度真的好高,davidchen329
Re: [閒聊] 台灣比歐美更痛恨SJW是因為國情不同嗎？,ak47good
[閒聊] 日本人去海邊玩 一定要搭配吃燒烤嗎?,HAHAcomet
[問題] 微軟會收購赤燭嗎?,pickchu22001
[實況] FF15,UtsuhoReiuzi
[閒聊] 終末的後宮主角是雷影會怎麼演,archer389
"Re: [閒聊] 同一個女森,戴眼鏡的前後氣質會差很多嗎?",MiharuHubby
[Vtub] 郡道美玲3周年記念特別3D live,finzaghi
[咒術] 禪院真希 禪院真依 生日,WindHarbor
Re: [情報] 快訊！索尼首度回應動視暴雪收購案,l47695456
[新聞] 《出租女友》第二季開播時間確定 四婆接力登場...網：演到2,nanachi
[閒聊] 龍族教義的戰鬥手感算黑科技嗎?,Briefs0321
[Vtub] Hololive二十二點直播單 (220120),vtuber
(本文已被刪除) [twmadrid],-
[閒聊] 聖誕之吻的年代設定 意外的老欸,ThorFukt
[綴歌] 馬份家的公主火盃篇第十七章,winter0923
