標題,作者,發文時間
Re: [閒聊] 什麼遊戲做10/10的劇本不會被罵翻的？,CAtJason, 1/21
Re: [閒聊] 釘宮四萌是不是現在推出會更紅,hermis, 1/21
Re: [問題] PS主機的遊戲歷史，是發生了什麼差錯？,yusaku, 1/21
Re: [心得] 不叫惡魔獵人，就好了【惡魔獵人:DmC】,couki, 1/21
[Vtub] 彩虹 4th Anniversary LIVE D1 D2皆中止,finzaghi, 1/21
[問題]  認真問 遊戲王這個卡牌遊戲到底有啥賣點,andy3580, 1/21
[閒聊] 瘟疫公司這遊戲 病毒能讓雞雞縮小嗎,GrimmNotes, 1/21
[閒聊]刺客任務3目前STEAM版大多負評= =,pl132, 1/21
[情報] Phil:相信任天堂與索尼絕不會做出傷害玩,KotoriCute, 1/21
Re: [閒聊] 霹靂苦境魔界與異度魔界,flameblade, 1/21
Fw: [新聞] 哥吉拉怪獸宇宙影集要上Apple TV,kimisawa, 1/21
[奶子] 可愛畫風x大奶 繪師推薦,s7503228, 1/21
[公告] 看板活動公告彙整 ＆ 置底推文閒聊區,laptic, 9/05
[公告] C_Chat板板規 v.16.7,laptic, 1/16
[22冬] 冬番各作品首播時間,SaberTheBest,12/13
Re: [活動][板慶] 希洽十五歲ANSI徵稿,zMidTwo5566,12/27
[閒聊] 要怎麼樣才能把超音蝠培育成這個狀態？,ccyaztfe, 1/21
Re: [閒聊] 閃亮登場！柯文哲掏出「美少女戰士權杖」,Xavy, 1/21
(本文已被刪除) [edieedie],-, 1/21
Re: [問題] 歷史上的諸葛亮真的有那麼神嗎,RichardIII, 1/21
Re: [情報] 索尼該如何應對微軟「花錢買優勢」策略,aa384756, 1/21
[閒聊] 路邊賣香腸的也有可能是電競選手嗎,songgood, 1/21
[閒聊] 哥布林殺手 Year one 66 (雷),dhero, 1/21
[閒聊] 藍染：機會難得，我就教你一件事吧日番谷,LABOYS, 1/21
[閒聊] 巧合嗎？我可不這麼認為。,Wardyal, 1/21
[閒聊] 大人版美琴與黑子,seiya2000, 1/21
[閒聊] 霹靂苦境魔界與異度魔界,lotr, 1/21
Re: [閒聊] 哈利綴歌-破釜咖啡廳,Vinygli, 1/21
[閒聊] 2021 PS年度回顧,uei1201, 1/21
[震怒] 遊戲王MD：連AI也說書，新手該何去何從,SuperSg, 1/21
[閒聊] 大家會想清零嗎？,mofass, 1/21
[新聞]買賣星城遊戲幣賺破億！欠稅管收一天就交,alinwang, 1/21
[閒聊] 粉絲自製Undertale前傳釋出新預告 2022冬,dogluckyno1, 1/21
[閒聊] 5小強 3小強這名詞是怎麼來的,Iamajoke, 1/21
[閒聊] 什麼遊戲做10/10的劇本不會被罵翻的？,s7503228, 1/21
[問題] 和也為什麼會覺得千鶴是做愛爛鬼,FunXin, 1/21
Re: [火影] 為啥岸本不乾脆讓鳴人當千手一族就好了?,hayate232, 1/21
[問題] 巫師3的傑洛特到鬼滅世界會怎麼發展,ryanchang03, 1/21
"[閒聊] 人在挺過1次生死關頭後,處世態度會大變嗎",Emerson158, 1/21
[討論] 轉生的男主與永生的女主能相愛？,kobe30418, 1/21
[漫畫] 北海道現役獵人被丟到異世界  番外篇3,hom5473, 1/21
[閒聊] 遊戲王MD 牌組分享/抄牌,ErLKYgyLFzh, 1/21
[問題] Hellsing要怎麼補比較好？,Aforapril, 1/21
[閒聊] 大雄的南極冰天雪地大冒險片尾曲,Sasa, 1/21
[今泉] 今泉Girls,yankeefat, 1/21
[情報] Phil：COD會繼續在PS平台推出,GenShoku, 1/21
[Vtub] 45p對35來說不好說出口嗎,Jie0724, 1/21
[討論] [Vtub] Hololive 日間直播單（1110121）,laptic, 1/21
[問題] PS主機的遊戲歷史，是發生了什麼差錯？,shirokase, 1/21
[討論] 為啥沒人靠北對馬戰鬼的男主角？,zhxl, 1/21
[閒聊] 如果出現狂暴的野獸，就把他們徹底打垮,LABOYS, 1/21
[亂馬] 簡評天道茜的風評被害,JamesHunt, 1/21
[閒聊] 願意出多少買有自我意志的人形AI,ianlin1216, 1/21
[閒聊] 爐石遊戲王化了唷？？,songgood, 1/21
[閒聊] 天使降臨到我身邊推特圖分享,cm223600, 1/21
[閒聊] 閃亮登場！柯文哲掏出「美少女戰士權杖」,Roxy, 1/21
[Vtub]未來明/486/貓又/修女/夜見/周防 企劃節目,buke, 1/21
[閒聊] 哥菜拉V.S.金肛 第4896集,TED781120, 1/21
Re: [閒聊] 死者蘇生在美國為什麼是個麥克風,guets, 1/21
[閒聊] 魔法滿屋根本是拉丁JoJo吧= = (有雷,BlueTuna601, 1/21
[閒聊] 其實電影康斯坦丁有抓到精髓吧,protess, 1/21
[閒聊] 遊戲王 MD 羅主任新手心得還有幾個問題,terry12369, 1/21
[閒聊] 清新少女被大叔永久佔用身體,NTUMEDboy, 1/21
Re: [閒聊] 釘宮四萌是不是現在推出會更紅,YuanBenSan, 1/21
[閒聊] 超負荷 FB,ClannadGood, 1/21
Re: [閒聊] BORUTO CH 66 （雷）,hayate232, 1/21
[情報] 《少年同盟》連載再開,cs42633, 1/21
[討論] 是不是最後只剩下任天堂玩獨佔,chNhk, 1/21
[閒聊] 有點看不懂《來自深淵》目前的劇情惹..,Emerson158, 1/21
Re: [閒聊] 任天堂跟索軟之戰484沒什麼關聯？,joywilliamjo, 1/21
Re: [閒聊] 城之內的真王牌是人造人or閃電戰神？,HarunoYukino, 1/21
Re: [閒聊]  青春之箱 36,fantasiacooo, 1/21
[閒聊] 傳前人中之龍工作室總監名越稔洋已經在,HarunoYukino, 1/21
Re: [閒聊] 奇巧計程車一看就停不下來正常嗎？,guets, 1/21
[閒聊] 警官之子作姦犯科真的不會被抓嗎？,zxasqw0246, 1/21
[不起眼] 學姊派該把劇場版補完嗎？,Warren8778, 1/21
Re: [リア] 2022 依舊ＥＭＴ,makinoyui, 1/21
[情報] FF38 夏娜參戰決定,t128595, 1/21
Re: [閒聊] 索尼回過頭來搶日本市場有搞頭嗎？,KaoBi24, 1/21
[閒聊] BORUTO CH 66 （雷）,HornyHorng, 1/21
[閒聊] 睡前來張洛琪希,wingkauzy, 1/21
[閒聊] 克蘇魯ASMR,mayolane, 1/21
[補番] 幸運女神 劇場版,googlexxxx, 1/21
[閒聊] 釘宮四萌是不是現在推出會更紅,skywendy, 1/21
[閒聊] 阿爾宙斯的進化特效太帥了吧 (偷跑雷,Au0y4, 1/21
Re: [閒聊] 剛剛看到推特趨勢有個「垃圾遊戲」,n99lu, 1/21
Re: [毒物] 陰角的我寫的小說動畫化後被美少女倒貼,HarunoYukino, 1/21
[閒聊] 遊戲王MD沒有禁交朋友龍喔,knight45683, 1/21
Re: [閒聊] 戰神4給頑皮狗做會怎麼樣？,googlexxxx, 1/21
[閒聊] 想要揭露四季崎姉妹 05 伸展運動,TLdark, 1/21
Re: [閒聊] 遊戲王MD 加藤純一被虐中...,Scathach, 1/21
Re: [閒聊] 神麼鬼？非人哉，是九尾狐九月,TLdark, 1/21
[22冬] 平凡職業造就世界最強 EP2 火山歷險,ptt426ptt, 1/21
[問題] 索命咒會不會太猛,yamaha449, 1/21
[閒聊] 現在人是不是不吃傲嬌？,jack5u06d93, 1/21
[問題] 關於亞人的劇情,bassmaster, 1/21
